"","p_val","avg_logFC","pct.1","pct.2","p_val_adj","adj_p_val"
"NKG7",7.89721983301788e-57,2.75215503715357,0.959,0.235,2.25765720586315e-52,4.59618194281641e-54
"KLRF1",6.58522638877027e-52,2.0738394655742,0.838,0.155,1.88258452002164e-47,1.91630087913215e-49
"GNLY",1.95460625817253e-41,3.45658752597735,1,0.779,5.58782837086363e-37,3.79193614085471e-39
"KLRD1",9.28888353373829e-41,2.69266081524303,1,0.861,2.6555060246251e-36,1.35153255415892e-38
"GZMK",4.57462598296906e-39,1.35591227305067,0.689,0.117,1.30779407601119e-34,5.32486464417598e-37
"EOMES",5.8837952072938e-38,0.49861919041398,0.486,0.04,1.68205937386115e-33,5.70728135107499e-36
"CST7",7.13891662654888e-38,1.41050534752277,0.757,0.167,2.04087348519779e-33,5.93549925235921e-36
"PRF1",1.15947719363577e-35,1.8502010842036,0.797,0.235,3.31471340116595e-31,8.43519658370024e-34
"GZMB",4.83268623829716e-35,2.39939200600924,0.595,0.094,1.38156834180439e-30,3.1251371007655e-33
"GZMA",1.28185805952177e-34,2.29016790483152,0.716,0.171,3.66457582056084e-30,7.46041390641671e-33
"CMC1",2.84029236094037e-33,1.91497267913377,0.838,0.26,8.11982780145632e-29,1.5027728673339e-31
"KLRC4",1.32151240974271e-32,0.377525051972603,0.419,0.031,3.77793967697245e-28,6.40933518725213e-31
"KLRC3",5.40127441571331e-31,0.624796683396143,0.514,0.068,1.54411632996412e-26,2.41810900765011e-29
"KLRC1",6.22111119957456e-31,1.50381253220122,0.973,0.503,1.77849126973437e-26,2.58620479868028e-29
"GZMH",9.50319341080026e-31,0.305066406208954,0.324,0.016,2.71677293227958e-26,3.6872390433905e-29
"KLRC2",6.55125147866809e-30,0.686849163468022,0.716,0.171,1.87287177272163e-25,2.38301772536552e-28
"KIR2DL4",8.28820444949884e-29,1.47508025256666,0.541,0.092,2.36943188802273e-24,2.83749117035784e-27
"IRF8",1.90703539347568e-28,0.929569730096928,0.568,0.103,5.45183278286828e-24,6.16608110557138e-27
"CTSW",3.6419269628295e-26,1.19775058227341,1,0.847,1.0411540801337e-21,1.11557973282461e-24
"ITGAX",1.05351013198651e-24,0.577116906453126,0.824,0.392,3.01177476532305e-20,3.06571448408076e-23
"SPTSSB",1.61024104127317e-23,0.93435020109035,0.568,0.138,4.60335708879174e-19,4.46266802867135e-22
"AOAH",4.20531837732892e-23,0.851905082633132,0.649,0.2,1.20221641771079e-18,1.11249786163883e-21
"AC068775.2",5.07124636369217e-22,0.779593344300667,0.5,0.106,1.44976791045232e-17,1.28324581898645e-20
"TYROBP",6.03409565135886e-21,1.1046145745385,0.919,0.481,1.72502726481047e-16,1.46326819545452e-19
"IL7R",1.4594030482742e-20,-1.01173142936211,0.905,1,4.17214143440627e-16,3.39749029638233e-19
"HOPX",6.22345792403585e-20,1.34929769501319,0.865,0.563,1.77916215132337e-15,1.39309711991879e-18
"IL12RB2",3.16041002125152e-19,0.57216537333977,0.5,0.118,9.03498016875384e-15,6.81243937914216e-18
"NCAM1",3.95635072500426e-18,0.681779386973769,0.824,0.577,1.13104154526422e-13,8.22355757840171e-17
"KLRK1",7.06947938905566e-18,0.882065606507568,0.986,0.812,2.02102276774323e-13,1.41877138083807e-16
"KLRC4-KLRK1",7.85134234176751e-18,0.702285030958071,0.838,0.375,2.24454174866449e-13,1.5231604143029e-16
"CD300A",2.04998309194992e-17,1.11924792610553,0.635,0.251,5.86049166326643e-13,3.84867793391888e-16
"LTB",3.18120062027593e-17,-1.33264273459732,0.878,0.976,9.09441633324482e-13,5.78580862812684e-16
"CD244",3.7582896340651e-17,0.487740208530978,0.405,0.084,1.07441984058653e-12,6.62825626371482e-16
"CCL4",7.89521487292774e-17,2.4110204401696,0.351,0.063,2.25708402787258e-12,1.32832470817273e-15
"FCGR3A",7.98820700791161e-17,0.313772851080775,0.216,0.017,2.28366861942177e-12,1.32832470817273e-15
"PLEK",1.37217647576885e-16,0.56437667995426,0.419,0.096,3.92277810892799e-12,2.21835196915964e-15
"ADGRG3",1.51463237211789e-16,0.515035711762058,0.297,0.042,4.33003102541062e-12,2.38247578533138e-15
"TRDC",1.7583115937635e-16,0.839513832313521,0.986,0.646,5.0266611842511e-12,2.692993019922e-15
"HCST",3.44729457417043e-16,0.940809472774345,0.851,0.49,9.85512572863842e-12,5.1444242106851e-15
"XCL2",8.23970472512984e-16,1.19691419316497,0.851,0.481,2.35556678682012e-11,1.19887703750639e-14
"IFITM2",1.8704286826672e-15,0.67933566138416,0.986,0.988,5.347181518009e-11,2.65509632515198e-14
"CCL5",4.30946148267055e-15,1.45405641795958,0.905,0.662,1.23198884866586e-10,5.97168234027205e-14
"IL2RB",4.72434762579117e-15,0.840677600164854,0.905,0.639,1.35059649926118e-10,6.39434957723362e-14
"C1orf21",4.89676797208948e-15,0.351709476278552,0.243,0.03,1.39988802786094e-10,6.47708854490018e-14
"AC034238.1",6.81349601294669e-15,0.454179255897685,0.757,0.5,1.9478422401812e-10,8.81212151007772e-14
"FGR",9.16047938459172e-15,0.713333734588304,0.622,0.256,2.61879784646708e-10,1.15899978300704e-13
"TRAC",9.91410614804344e-15,-1.19597387945458,0.527,0.821,2.83424466560266e-10,1.22766165492793e-13
"TNFRSF25",1.22060606337177e-14,-0.855719138717036,0.689,0.887,3.48946861396723e-10,1.47998485183828e-13
"CCL4L2",1.69965406507336e-14,0.300755343773458,0.216,0.023,4.85897104123173e-10,2.0187727874953e-13
"DUSP2",2.85788161431497e-14,1.51608866856366,0.743,0.456,8.17011195900364e-10,3.32657419906263e-13
"TPST2",4.16124520477856e-14,0.812376872183436,0.824,0.61,1.18961677914209e-09,4.74871511604141e-13
"ITGB2",5.00213806783245e-14,0.741013289229491,0.851,0.557,1.43001123083194e-09,5.59854683745862e-13
"SRGN",8.43992894092005e-14,0.721335773348677,0.973,0.934,2.41280688563022e-09,9.2679974407839e-13
"SAMD3",1.09652364157262e-13,0.887872947880967,0.716,0.406,3.13474178652782e-09,1.18180881369494e-12
"PLAC8",1.44632811780349e-13,1.16025972826349,0.878,0.756,4.1347628231766e-09,1.53047811738478e-12
"XCL1",1.5740142921245e-13,0.549408789252772,0.905,0.451,4.49979205832551e-09,1.63585056788653e-12
"ESPN",4.86124857570727e-13,-0.288824887830494,0.122,0.58,1.38973374282319e-08,4.96359065098531e-12
"SELL",1.03633260229880e-12,0.778645843323651,0.973,0.883,2.96266764345182e-08,1.03990616299639e-11
"TNFSF13B",1.66583677004704e-12,-1.13326646632218,1,1,4.76229415821048e-08,1.64324915282606e-11
"ITGAM",1.76291504652202e-12,0.305123812281796,0.446,0.141,5.03982153499715e-08,1.71002759512636e-11
"GSAP",3.58566295613079e-12,0.331091657750642,0.473,0.153,1.02506932589867e-07,3.42107514830839e-11
"S100A4",5.71465186800537e-12,-0.957114124437307,0.743,0.92,1.63370467602537e-07,5.36439901157923e-11
"TXK",6.66682857487323e-12,0.700413455748974,0.932,0.704,1.90591295298476e-07,6.12589742812537e-11
"ADAM19",6.7363820515468e-12,-0.389278987990872,0.365,0.681,1.9257969008962e-07,6.12589742812537e-11
"CCR1",7.00650538909236e-12,0.344795632976856,0.243,0.042,2.00301976063372e-07,6.2735171330027e-11
"LYST",8.60942778805654e-12,0.565678113171168,0.568,0.239,2.4612632160496e-07,7.59194995855895e-11
"PVRIG",9.55887688121303e-12,0.560834970913935,0.5,0.183,2.73269172280118e-07,8.30338260427758e-11
"FCER1G",1.02939648750154e-11,0.815911159656139,0.892,0.713,2.94283867846941e-07,8.81042287832204e-11
"JAK1",2.45484196945399e-11,0.504000670343199,0.919,0.767,7.01790222227506e-07,2.07060583510467e-10
"B4GALT1",2.81720724931366e-11,0.414434849706328,0.986,0.991,8.0538320843379e-07,2.34230659871507e-10
"AC136475.9",3.29989910845665e-11,0.26798486610134,0.122,0.007,9.43375157125588e-07,2.70498771988982e-10
"COTL1",4.23432051471005e-11,0.727168207632559,0.851,0.634,1.21050754874531e-06,3.42274241605729e-10
"CXCR3",5.7744231958663e-11,0.369371897740787,0.378,0.11,1.65079210323426e-06,4.60371821917011e-10
"JAML",7.15395012283448e-11,-1.3011640184486,0.581,0.791,2.04517126111592e-06,5.62648509660766e-10
"SH2D1B",9.37418539204118e-11,0.723187861806547,0.865,0.606,2.67989211987673e-06,7.27436786422396e-10
"IFITM1",1.10836756834938e-10,0.585829289519137,0.973,0.925,3.16860120439721e-06,8.4877621681492e-10
"AC244502.1",1.34495871172607e-10,0.255892510425784,0.946,0.606,3.84496796508249e-06,1.01657918210984e-09
"ZMAT4",2.29908068964275e-10,0.377311993868185,0.122,0.009,6.5726118755507e-06,1.71546789919498e-09
"LINC00996",3.02606255724509e-10,0.357213973570196,0.784,0.49,8.65090763865227e-06,2.22932709913499e-09
"ID2",3.12779077226761e-10,0.516408715871211,0.986,0.887,8.94172825975865e-06,2.27546778682469e-09
"IFITM3",5.14053489883003e-10,0.704473569511164,0.932,0.78,1.46957611687753e-05,3.6935695199001e-09
"CLDND1",6.30857645283594e-10,0.849762788536525,0.838,0.603,1.80349583633674e-05,4.4775506043299e-09
"S100A6",8.51452482465323e-10,-0.955098959936445,0.365,0.652,2.43413235687187e-05,5.97042584090142e-09
"IL18RAP",1.35448189064779e-09,0.776772974295942,0.622,0.352,3.87219282898391e-05,9.38462452805972e-09
"SYTL3",1.42626815552772e-09,0.556240717411897,0.514,0.232,4.07741540302265e-05,9.76574195902511e-09
"LINC00861",3.51904993695238e-09,0.767135488098556,0.676,0.394,0.000100602599597595,2.38149658523987e-08
"HVCN1",4.48073847859215e-09,0.51925310445187,0.568,0.284,0.000128095351625992,2.99745953395475e-08
"CHST12",4.53949666394681e-09,0.488418843088952,0.986,0.962,0.000129775130628911,3.00225802092846e-08
"SH2D1A",7.91222184784734e-09,0.793914222033439,0.419,0.179,0.00022619459818626,5.1740596802777e-08
"RAMP1",1.41395790557183e-08,0.514107212130569,0.149,0.021,0.000404222286044874,9.14359445603116e-08
"AC017104.1",1.45267790596364e-08,0.360348030805375,0.216,0.045,0.000415291559756887,9.29075320077848e-08
"PARP8",2.38569120062629e-08,0.607232009222646,0.838,0.659,0.000682021400435045,1.50920899865707e-07
"WDR74",3.00477529434565e-08,0.559593949784581,0.919,0.803,0.000859005161147535,1.88040776484857e-07
"HLA-B",3.59931432210576e-08,0.382512811367157,0.986,0.99,0.00102897197840359,2.22851163347399e-07
"ARAP2",5.081447482628e-08,0.416393406110672,0.541,0.27,0.00145268420633369,3.11305519462052e-07
"APMAP",5.65632729435479e-08,0.621247242514553,0.608,0.371,0.00161703084691015,3.42914842220259e-07
"PCDH9",6.71554834451007e-08,-0.523643033266022,0.973,0.991,0.00191984096072854,4.02932900670604e-07
"ERN1",8.72621755290906e-08,-0.658435519233206,0.527,0.768,0.00249465107402564,5.18230470999293e-07
"PSMB9",1.97932430211581e-07,0.542643397751379,0.932,0.779,0.00565849231488867,1.16360277154687e-06
"MED13",2.1674795422024e-07,0.396311501343494,0.716,0.484,0.00619639051524822,1.2614730935618e-06
"TRGC2",2.60478970673027e-07,0.447931163988766,0.743,0.493,0.00744657281360049,1.50097783100695e-06
"CFLAR",3.05184597956671e-07,0.620590736086792,1,0.976,0.00872461728638531,1.74134741187042e-06
"S100A11",3.44285704785512e-07,-0.638542535153908,0.378,0.7,0.0098424397284082,1.94538136102105e-06
"CD55",3.864784391145e-07,0.566840494941912,0.649,0.476,0.0110486456174053,2.16279280350614e-06
"LY6E",4.10726555141046e-07,0.591341706522058,0.649,0.43,0.0117418507583722,2.27659861992466e-06
"SLAMF1",4.21586443335266e-07,-0.425700832791596,0.054,0.333,0.0120523132420686,2.30166899994199e-06
"U2",4.23159077308923e-07,0.480300801759281,0.595,0.317,0.0120972717021075,2.30166899994199e-06
"PRKCB",4.40259955176257e-07,0.320972878455332,0.527,0.279,0.0125861515985788,2.37251198067205e-06
"CD44",4.46430593252405e-07,0.546870933128848,0.946,0.848,0.0127625577998998,2.37602052080998e-06
"HLA-DPB1",4.49076043452058e-07,0.453416593765059,0.541,0.31,0.0128381859302074,2.37602052080998e-06
"STK17B",7.01818258174138e-07,-0.44150977416145,0.986,0.988,0.0200635803646823,3.67980384015629e-06
"ZFP36L1",7.30814182233126e-07,-0.751752447292814,0.932,0.977,0.0208925158416806,3.79762369696142e-06
"XBP1",8.01571883445177e-07,0.550358486648965,0.743,0.49,0.0229153370039307,4.1284498775672e-06
"IL4I1",8.38259267951772e-07,-0.983105514858006,0.365,0.557,0.0239641559522053,4.27953415743799e-06
"ARPC5L",8.95767080317971e-07,0.295202081859957,0.486,0.232,0.0256081892921302,4.53336035430486e-06
"CD200R1",9.24220340340958e-07,-0.583244495284121,0.257,0.516,0.0264216110896673,4.63703653515895e-06
"BHLHE40",1.4019721832063e-06,0.320383609828489,0.635,0.402,0.0400795807735018,6.97391291133392e-06
"PYHIN1",2.32920520613947e-06,0.599741086468922,0.554,0.341,0.0665873184331151,1.14881138133319e-05
"CCR6",2.64504034744089e-06,-0.409947497717456,0.338,0.575,0.0756164134526402,1.29362477496689e-05
"CD7",2.71118942194888e-06,0.292937888565177,0.892,0.72,0.0775074831946747,1.31492686964521e-05
"HLA-C",3.1364525344661e-06,0.359490026135899,0.973,0.977,0.0896649050553169,1.50860774798287e-05
"AC010186.4",3.43982175595089e-06,0.547146149889335,0.432,0.22,0.098337624359124,1.64096414915034e-05
"SELPLG",3.5446430854648e-06,0.507218739816313,0.743,0.538,0.101334256527268,1.67722136239066e-05
"LINC00892",3.70787353315551e-06,-0.872643313805132,0.108,0.371,0.10600068856585,1.74030838411009e-05
"IL32",3.89540721196274e-06,-0.96147034092279,0.797,0.848,0.111361901375591,1.80897233569791e-05
"CLIC3",3.91633186078928e-06,0.491607832642997,0.297,0.113,0.111960095236244,1.80897233569791e-05
"ADGRE5",4.20405691201383e-06,0.554934837671986,0.662,0.53,0.120185579000651,1.92658356125358e-05
"APOBEC3C",4.38078852369538e-06,0.485144495089141,0.959,0.873,0.125237982315404,1.99188978186774e-05
"APOBEC3G",6.64748018204528e-06,0.644554854809355,0.757,0.659,0.19003816344431,2.99909571003903e-05
"KIAA1324",7.1314141210188e-06,-0.556207815941542,0.527,0.686,0.203872866891685,3.19267924494842e-05
"SLAMF7",7.81080254440337e-06,0.66979548569397,0.878,0.77,0.223295223139403,3.47014280980363e-05
"AC135983.2",8.72334307924236e-06,0.273062613941531,0.446,0.232,0.249382931949381,3.84620126675686e-05
"CD52",1.07003720900678e-05,-0.472239763397426,0.905,0.965,0.305902237310857,4.664020915806e-05
"TOX2",1.0738467400653e-05,-0.376167795254417,0.108,0.343,0.306991306049868,4.664020915806e-05
"MAFF",1.18721486685305e-05,0.538105541354461,1,0.997,0.33940098613595,5.11821520376648e-05
"PTPN12",1.2865239136126e-05,0.29216469946226,0.541,0.336,0.36779145642357,5.50556557148922e-05
"C1orf56",1.45913031244688e-05,0.257395328972016,0.946,0.944,0.417136173722315,6.1986411813437e-05
"TESPA1",1.47342922348444e-05,-0.475515151777099,0.365,0.624,0.421223946409732,6.21402759469526e-05
"TGFBR3",1.55498966537358e-05,0.255546733866777,0.459,0.263,0.444540445537,6.51082003775126e-05
"PIP4K2A",1.57506919087135e-05,0.353487270075423,0.973,0.927,0.450280780286301,6.5477876363366e-05
"AC008035.1",1.67744877564656e-05,0.308196960637735,0.135,0.03,0.479549055981839,6.9239374994773e-05
"PLA2G6",1.7682355922009e-05,0.290692300922545,0.365,0.174,0.505503191098392,7.2465059095576e-05
"CAT",1.78049887468511e-05,-0.748761013208374,0.351,0.554,0.509009018294981,7.2465059095576e-05
"PRDX2",1.86662525017129e-05,-0.484162205012469,0.27,0.545,0.533630826518969,7.54427705277564e-05
"KRT86",2.05125607668862e-05,-0.642129067535097,0.189,0.411,0.586413087203742,8.22729306784573e-05
"AGK",2.06389138815374e-05,0.428933928382328,0.392,0.207,0.590025270045391,8.22729306784573e-05
"RORA",2.07984848649024e-05,-0.314168968415542,0.392,0.629,0.594587085317831,8.23450217100219e-05
"PTGDR",2.1574070309463e-05,0.326938066710869,0.554,0.345,0.616759522006928,8.48385737845099e-05
"VIM",2.26516095589096e-05,-0.507707877423883,0.595,0.751,0.647564214070108,8.84780990824523e-05
"SH2D2A",2.73219300917396e-05,0.302192813857574,0.405,0.207,0.781079337462652,0.00010600908875595
"VWA5A",2.80944786689377e-05,-0.571836344056492,0.324,0.531,0.803164956187591,0.000108284679372992
"SLC38A1",3.07941404255922e-05,0.377959746829806,0.838,0.707,0.88034288648683,0.00011790914294536
"FXYD5",3.54749317724038e-05,-0.469476755055808,0.865,0.941,1,0.000134943858114634
"PBXIP1",3.79125587082949e-05,-0.301301888767164,0.622,0.794,1,0.000143279929663816
"BIRC3",4.01251112070175e-05,-0.560382060048309,0.838,0.944,1,0.000150663320790221
"NEAT1",4.2836013340598e-05,0.313882303820456,0.905,0.857,1,0.000159811280539923
"MSN",4.36600130651171e-05,0.304722982069183,0.878,0.777,1,0.000161847946521644
"CPNE7",4.73662240920181e-05,-0.462200754671795,0.108,0.317,1,0.000174475584946548
"ARHGAP15",4.8148530372392e-05,-0.546914854128557,0.689,0.866,1,0.000176241790419699
"FNBP1",5.20838128060396e-05,-0.287100608416473,0.608,0.767,1,0.000189454869081969
"FAM49B",5.67717391875053e-05,0.512137224489097,0.838,0.72,1,0.000205224547870361
"MCTP2",5.79016075561582e-05,0.401126966903125,0.419,0.253,1,0.000208016886405457
"PLEKHF1",6.46561537313975e-05,-0.377410880716196,0.189,0.408,1,0.000230858168537873
"HLA-F",7.13556136391963e-05,0.376450495622174,0.946,0.922,1,0.000253225409378124
"DGKA",7.32227967808833e-05,-0.712272674817605,0.716,0.782,1,0.000256980133416663
"LST1",7.32967390844777e-05,-1.14536899208556,0.784,0.868,1,0.000256980133416663
"CD2",7.86584973458624e-05,0.433074705972738,0.932,0.753,1,0.000274127218295161
"ZBP1",8.01583682429672e-05,0.315116741370043,0.473,0.272,1,0.000277691489984565
"IL23R",8.89792829697047e-05,-0.812466012851709,0.446,0.557,1,0.000306425696380877
"TC2N",9.25855516300252e-05,0.422781098878696,0.622,0.425,1,0.000316501800993831
"RPL13",9.29927971992185e-05,-0.294432667007501,1,0.993,1,0.000316501800993831
"TRBC1",9.820708370147e-05,-0.412543858019907,0.892,0.936,1,0.000332305364617765
"MCUB",9.90694128357804e-05,0.298887389694153,0.622,0.409,1,0.0003332855391354
"IFNGR1",0.000102990967888403,-0.342649167373848,0.311,0.552,1,0.000344487030523279
"ABRACL",0.000109343087042106,-0.363391278139894,0.378,0.622,1,0.000363643866620033
"DDIT4",0.000124527068417818,-0.545003186911813,0.77,0.864,1,0.000411788373972556
"ICOS",0.000126583875145944,-0.41909653876413,0.257,0.451,1,0.000414777801282686
"KLRB1",0.000126856440942127,-0.566674636615361,0.905,0.875,1,0.000414777801282686
"RGS3",0.000129939198713083,0.319769463737522,0.527,0.345,1,0.00042248387514533
"MTRNR2L8",0.000152604037282669,-0.291186068973817,0.973,0.984,1,0.000492272218175625
"CAPG",0.000153094968195512,0.431772286004949,0.797,0.61,1,0.000492272218175625
"ISG20",0.000154226054277227,0.58085712151198,0.595,0.444,1,0.000493184415326077
"TSSC4",0.000156509204996177,0.403161225988696,0.365,0.193,1,0.000497750586381285
"C1orf162",0.000164551200530622,0.333575040198894,0.676,0.449,1,0.000520482601678381
"PRNP",0.00017924623204261,-0.318050882240949,0.378,0.557,1,0.000563898957020536
"PIK3IP1",0.000181374899035813,-0.510639518139935,0.784,0.871,1,0.000567527909886252
"SPOCK2",0.000187499030350629,-0.311052205614566,0.432,0.639,1,0.000583553131893401
"TSPYL2",0.00019799796228361,-0.352002586619347,0.351,0.533,1,0.000612951138558834
"TOB1",0.000205557954415994,-0.72788463027848,0.514,0.645,1,0.000632987986614332
"LITAF",0.000212288595616668,0.697903018403088,0.514,0.366,1,0.000650273487625792
"NABP1",0.000216421815055651,-0.320629546229029,1,1,1,0.000659463331740257
"RAB29",0.000227538540156538,0.479815694497708,0.77,0.716,1,0.000689726199849505
"H2AFY",0.000229833887780799,-0.378642878451821,0.284,0.503,1,0.000693074210820855
"AL390728.6",0.000236913866387049,0.320836774110143,0.811,0.645,1,0.000710741599161147
"PSAP",0.000245546923923075,-0.457993647735187,0.73,0.828,1,0.000732751824113272
"AL031846.1",0.000246768655543301,0.334402193551872,0.122,0.031,1,0.000732751824113272
"BIN2",0.000261300499692158,0.354623554805413,0.811,0.695,1,0.000771963912796122
"CD40LG",0.000264847826726347,-0.416897926475771,0.189,0.362,1,0.00077849209674108
"HSH2D",0.000271694806385841,0.344734897621352,0.77,0.659,1,0.000794604911138491
"PTGER4",0.000287626059081093,-0.35960522427637,0.405,0.596,1,0.000836991831925981
"TSPAN32",0.000312484185109717,0.273456301080199,0.514,0.308,1,0.000904804953899778
"SLA2",0.000321322955928053,0.278893468531018,0.608,0.446,1,0.000925791882921421
"CD84",0.00036167247509303,-0.347122480004917,0.595,0.679,1,0.00103691320445391
"LPXN",0.000363479990763318,-0.432007196645413,0.527,0.672,1,0.00103698703247182
"TMCO1",0.000379337589732794,-0.460967155481039,0.527,0.723,1,0.00107694866938774
"TIMM8B",0.000386003494750971,0.290313371981465,0.459,0.268,1,0.00109055356284012
"FLOT1",0.000400309553504149,0.403548039555347,0.581,0.443,1,0.00112550801999717
"CTSC",0.000420568355534361,0.375853384883195,0.811,0.756,1,0.00117678261019711
"ZNF276",0.000423804857570601,0.274276596554085,0.608,0.448,1,0.00118016472299565
"SLFN13",0.000440503650288057,0.37270277695317,0.581,0.453,1,0.0012208244022269
"NCR2",0.000444894393169129,-0.554544198563324,0.135,0.303,1,0.00122264321997551
"IER2",0.000445361447826132,0.478240131644067,0.892,0.885,1,0.00122264321997551
"ZNF75A",0.000477238491470562,-0.289932550971307,0.5,0.669,1,0.00129860792328953
"AC245297.3",0.000477495009594432,0.290476522908551,0.432,0.254,1,0.00129860792328953
"STOM",0.000506598910207415,0.304058312623606,0.865,0.706,1,0.00135720565111868
"AC006435.4",0.000508369127051325,-0.293701715948786,0.811,0.89,1,0.00135720565111868
"AC015967.2",0.000508369127051325,-0.293701715948786,0.811,0.89,1,0.00135720565111868
"AL356737.1",0.000508369127051325,-0.293701715948786,0.811,0.89,1,0.00135720565111868
"IRF1",0.000549219296645982,0.320926221029009,0.892,0.838,1,0.00145696160975525
"LINC00299",0.000550741501969339,-0.664571858697619,0.311,0.458,1,0.00145696160975525
"CD38",0.000555502827791537,0.271009893234377,0.338,0.199,1,0.00146290789943292
"SNHG22",0.00058136011508192,0.281676760447839,0.203,0.082,1,0.00152410624764719
"YIPF5",0.000654615314263909,-0.352611579398033,0.378,0.528,1,0.00170845790538832
"TTC39C-AS1",0.000690634709957166,-0.293646636948339,0.027,0.178,1,0.00179441696962085
"RBMX",0.000701689951988507,-0.329816035199656,0.811,0.906,1,0.0018150380091436
"AQP3",0.000711197558937411,-0.271013970250317,0.135,0.308,1,0.00183149105885652
"ARL4A",0.000725491530931604,-0.568455917430138,0.297,0.493,1,0.00186007079736649
"RRAS2",0.000790254221589782,0.280180244154982,0.149,0.052,1,0.00201722788142655
"RIPOR2",0.000817264891898066,0.382573162568648,0.865,0.85,1,0.00206831342620328
"C19orf70",0.000817374721695454,-0.258419805954453,0.662,0.798,1,0.00206831342620328
"CHMP7",0.000848624787181076,-0.251009207277608,0.23,0.411,1,0.00213809361965102
"TIMP1",0.000865354096701691,-0.504317223046121,0.27,0.467,1,0.00217084519086373
"C9orf85",0.000885511072179472,0.266064454831939,0.757,0.629,1,0.00221187744209636
"TSPYL1",0.000895585977921042,-0.341814189913764,0.824,0.901,1,0.0022274830732908
"ALOX5AP",0.000907464507628445,-0.31678322876567,0.392,0.564,1,0.00224742273804151
"RBM8A",0.000940646639588277,0.421544321608544,0.878,0.834,1,0.00231973027220499
"AC090772.4",0.000967898468871264,-0.505983533007146,0.338,0.517,1,0.00237686459444336
"HSD17B4",0.00101170139037451,-0.343302566576896,0.203,0.392,1,0.00247399247562169
"ARL6IP5",0.0010434839613806,-0.343881871160694,0.703,0.882,1,0.00253613607616937
"ELOVL5",0.00105036833603155,-0.332414373358525,0.297,0.474,1,0.00253613607616937
"RGS1",0.0010539099601016,-0.942505081321604,0.838,0.895,1,0.00253613607616937
"PSTPIP1",0.00105454455400857,0.446394254830525,0.486,0.345,1,0.00253613607616937
"DAD1",0.00111552571142015,-0.402056148686678,0.446,0.648,1,0.00267175293846307
"IL4R",0.00114865160430715,-0.282055310762717,0.365,0.53,1,0.00273981653158508
"CITED2",0.00119846069813789,-0.352630496109354,0.297,0.488,1,0.00284456037304414
"LTC4S",0.00120233995149289,-0.38366612841357,0.054,0.206,1,0.00284456037304414
"GBP5",0.00122236669723026,0.297030948877103,0.5,0.34,1,0.00287499249925689
"RPE",0.00122508271445998,0.300579154089291,0.311,0.178,1,0.00287499249925689
"KRT81",0.00125507300557604,-0.317680562866611,0.23,0.378,1,0.00293354413351508
"HPGD",0.00130017091666236,-0.275499782156608,0.014,0.146,1,0.00302679789398997
"GSTP1",0.00130881527885329,0.592824913925399,0.595,0.509,1,0.00303478283781919
"DNAJB1",0.00137311559240258,-0.340239201782203,0.581,0.72,1,0.00317124315388215
"B3GNTL1",0.00138801389479978,-0.316335301972194,0.176,0.333,1,0.00318180186802175
"TMEM59",0.00138862143381018,-0.410438241329577,0.811,0.88,1,0.00318180186802175
"FTH1",0.00144713450589105,-0.329886444320782,0.959,0.983,1,0.00330287169579839
"PPP3CC",0.00145283138614914,0.272224533527248,0.419,0.253,1,0.00330292135444844
"LZTFL1",0.00152106067558925,-0.32807002144119,0.216,0.369,1,0.00344458098518654
"RPS4Y1",0.00160812693287214,0.255523241064946,0.365,0.204,1,0.00361437794215269
"ANP32E",0.00160846028697173,-0.316537363479081,0.649,0.774,1,0.00361437794215269
"ZNF600",0.00167970698125396,0.457154803184207,0.432,0.298,1,0.00375995947342232
"RGS10",0.00168838453361506,-0.362362772250823,0.095,0.258,1,0.00376132184115308
"KLHDC4",0.00169442832512389,0.424990401315039,0.622,0.472,1,0.00376132184115308
"TXNIP",0.00169970385605371,-0.362071873950768,0.973,0.984,1,0.00376132184115308
"TOMM7",0.00172118756515308,-0.4530966864221,0.486,0.636,1,0.00379443622317837
"NRP1",0.00175251340690365,-0.331225375565452,0.311,0.486,1,0.00384891623704877
"DDIT4-AS1",0.00190316840896763,-0.281005097745648,0.649,0.767,1,0.00416407524067354
"AC020571.1",0.00192061787875399,-0.421105135230062,0.149,0.3,1,0.00418651537616039
"TRAT1",0.0022164128284529,-0.555164812023004,0.243,0.394,1,0.00481325472447608
"BTG1",0.00228479935026796,0.261411984756918,1,0.991,1,0.00494332052734555
"CD300LF",0.00230641642182033,-0.617333562890129,0.257,0.383,1,0.00497160873147938
"CA2",0.00234287988395086,-0.341521659995417,0.068,0.207,1,0.00501393155234912
"LTA",0.0023432807254965,-0.468485505178209,0.189,0.354,1,0.00501393155234912
"CCR7",0.00236028553340676,0.252313815959551,0.649,0.486,1,0.00503181751077925
"CYTIP",0.00247259511800054,-0.281748950071857,0.73,0.845,1,0.00525200860830771
"ARFGAP3",0.00250572422408853,0.306034794193626,0.432,0.291,1,0.00529802896741597
"PKM",0.00251246734537252,-0.331122864115705,0.608,0.72,1,0.00529802896741597
"SIT1",0.00256937418956138,-0.252342657540021,0.027,0.153,1,0.00539846851380766
"OAZ1",0.00260304153438626,-0.316445861886058,0.865,0.923,1,0.00544953299644893
"ICAM2",0.00263981301589629,-0.455760556380452,0.554,0.66,1,0.00549727567770721
"HPGDS",0.00264473743944677,-0.472208835892205,0.027,0.153,1,0.00549727567770721
"PEBP1",0.0027447416289004,-0.418148341649512,0.5,0.617,1,0.00568483853387912
"TSPO",0.00275870197719793,-0.26932088096134,0.338,0.521,1,0.00569349131464253
"SIDT1-AS1",0.00285995346806556,0.289392315656337,0.162,0.066,1,0.00588160041842459
"GGNBP2",0.00315031790211519,-0.326403314901497,0.5,0.65,1,0.00645593316560225
"UBQLN1",0.00317310275798875,-0.299367820800693,0.365,0.542,1,0.00647980984262967
"ZFAND5",0.00324045580367733,-0.489841293080633,0.703,0.794,1,0.00659421425783289
"SEC11A",0.00326157003394944,-0.384495449034569,0.486,0.629,1,0.00661405491205079
"CD160",0.00330046989841582,0.449269037087975,0.338,0.223,1,0.00666969958638197
"ACTN4",0.00334328255968831,0.303678998377616,0.527,0.404,1,0.00673283892643113
"HLA-DPA1",0.00345038200074673,0.269480224173418,0.432,0.277,1,0.00692455973942965
"ANXA1",0.0035698523506221,-0.564461562229425,0.959,0.939,1,0.0071397047012442
"OFD1",0.00364234501637465,0.28629014777039,0.514,0.364,1,0.00725974246414398
"CCL3",0.00369122381962647,1.27926926633105,0.108,0.037,1,0.00733205550519661
"ZFR",0.00382546553866261,-0.307837524002549,0.284,0.443,1,0.0075728603520464
"CTSH",0.00384174613328957,-0.398222514687642,0.068,0.202,1,0.00757334411829471
"AHR",0.00385173515294714,-0.2915301410426,0.649,0.692,1,0.00757334411829471
"FMR1-IT1",0.00399281924382366,0.258765836244206,0.581,0.453,1,0.00782431245759384
"ZAP70",0.00409871819290342,0.250589183378123,0.703,0.575,1,0.00800487915526775
"EIF4A1",0.00413961990932646,0.25478262066697,0.973,0.906,1,0.00805487741650418
"TRPV2",0.00415199866830112,0.373704698570638,0.365,0.226,1,0.00805487741650418
"ELK3",0.00418102135998271,-0.281738559968066,0.378,0.503,1,0.00808423399172736
"GBP2",0.00419814386694221,0.326056933758758,0.405,0.275,1,0.00809046268397472
"SNRPD1",0.00423020406676992,-0.251166800383333,0.878,0.946,1,0.00812534246488479
"PRKAG1",0.0042491132804927,0.374047209953599,0.554,0.436,1,0.00813481555673274
"IL1R1",0.00454217216267603,-0.318051021308089,0.297,0.434,1,0.00866735802845066
"CORO1A",0.00463920550536197,0.274200498224949,0.892,0.882,1,0.0088235869415708
"IFI16",0.00466916604771124,0.269089081390818,0.73,0.617,1,0.00885164377774574
"ARPC1B",0.00472690826262496,-0.284395281324011,0.851,0.911,1,0.00893201496379132
"MMP25-AS1",0.00485724508825427,0.430056807747479,0.73,0.683,1,0.00914859754486727
"MADD",0.00538212370647193,0.286366446979706,0.311,0.185,1,0.0101045032166667
"CD3G",0.0056523484561035,-0.444801451189014,0.5,0.634,1,0.0105777067570811
"SPINT2",0.00581217990350979,-0.279827903612851,0.973,0.998,1,0.0108419509738548
"MTRNR2L12",0.00583459033290356,-0.356707971568755,0.932,0.969,1,0.0108489826637376
"DHRS3",0.0058713821736619,-0.283655657426448,0.378,0.524,1,0.0108826255575517
"APOL1",0.00607758234638014,0.271998681648086,0.541,0.429,1,0.0112290569066452
"TNFRSF4",0.00611803911130946,-0.273660243813498,0.216,0.369,1,0.011268034059437
"BIN1",0.00614561002557317,0.38317792507044,0.446,0.343,1,0.0112831073655634
"KRT1",0.00625019335500168,-0.551312256943289,0.041,0.153,1,0.0114390331214182
"NUP37",0.00636595667274643,0.364215767155129,0.405,0.286,1,0.0116143786317819
"RABGAP1L",0.0067935345944581,0.314201879237407,0.824,0.774,1,0.0123557410436707
"RPL39",0.0068179893483009,-0.343513682122039,0.851,0.869,1,0.0123615881642091
"RBPJ",0.00711282043388844,-0.280787869503706,0.757,0.88,1,0.0128560915916866
"ABI3",0.00740604158272148,0.252618384997649,0.23,0.124,1,0.0133446322016839
"LUC7L3",0.00770985401430707,0.263702547952268,0.716,0.596,1,0.0138090752950112
"UTRN",0.00771125338638942,0.437755536942706,0.662,0.561,1,0.0138090752950112
"PPP2R5C",0.00773638819311455,-0.32319104903642,0.824,0.897,1,0.0138115887374008
"HNRNPUL1",0.00794509815461025,0.258213399725117,0.716,0.615,1,0.0141408168990311
"TBCD",0.00802277935175774,-0.29751596994719,0.162,0.303,1,0.0142355414107409
"GATA3",0.00804966849256199,-0.320660054759993,0.608,0.702,1,0.0142398390962647
"TNFAIP8",0.00815771303392928,-0.488572061551015,0.73,0.787,1,0.014387239350748
"SDF4",0.00820632663512548,0.276721141891092,0.527,0.404,1,0.0144292510623656
"MORF4L1",0.00824866637788569,-0.278339058213143,0.716,0.782,1,0.0144600115419562
"DEPDC5",0.0084392703013937,0.280146754795728,0.311,0.19,1,0.0147497156618953
"PRELID1",0.00867150843857593,0.302861197389382,0.568,0.437,1,0.0151102332672191
"ITM2B",0.00913048296238884,-0.342704822450064,0.959,0.932,1,0.0158625106988367
"FYN",0.00937897148978664,0.376013858683276,0.649,0.512,1,0.0162457184733804
"RSRP1",0.00942274461000144,0.291266404002249,0.946,0.929,1,0.016273107902139
"AREG",0.00947358508822405,0.381130852698633,0.514,0.397,1,0.0163125045010248
"SEC63",0.00987673665712692,-0.308560097160857,0.378,0.542,1,0.0169244086519658
"TMED2",0.00988711158362265,-0.296034725704106,0.811,0.887,1,0.0169244086519658
"NCOA7",0.0101187406893184,-0.372179841073819,0.581,0.688,1,0.0172701087424731
"CXCR4",0.0103961450312634,-0.315765646940195,0.946,0.955,1,0.0176916854040798
"TRAPPC2L",0.010597268195374,0.284232586788503,0.297,0.176,1,0.017981370523929
"LPAR6",0.0106340643542516,-0.503266092368878,0.365,0.474,1,0.0179913530644606
"UBE2F",0.0107176660790793,0.609869527323053,0.514,0.439,1,0.0180802366899251
"PRR5",0.0109340186057586,-0.328137445135686,0.338,0.444,1,0.0183240973624786
"TUBA1A",0.0109362423476222,-0.337433732266561,0.324,0.483,1,0.0183240973624786
"TRA2B",0.0109566767734408,-0.330642956235757,0.676,0.807,1,0.0183240973624786
"TCF7",0.0112786896081949,-0.356344523437347,0.797,0.821,1,0.0188085884010585
"DEK",0.0116467007668841,-0.385996674814588,0.486,0.611,1,0.0193667995609329
"CAMTA1",0.0119667968941971,0.252339503841635,0.365,0.223,1,0.0198423811749936
"MT-RNR2",0.0124578988437202,-0.274571220237402,1,1,1,0.0205980032018328
"CNOT6L",0.0126681575727859,0.324360708487148,1,0.99,1,0.0208863107857263
"EML4",0.0127704600469628,-0.336824007011461,0.689,0.798,1,0.0209955021111083
"CD247",0.0131046642061515,0.304906931476505,0.581,0.493,1,0.0214842663886766
"PLP2",0.0136263474666767,-0.495499069284217,0.297,0.411,1,0.0222767815326006
"PIM2",0.0137356542484763,-0.411285159075554,0.811,0.889,1,0.0223925791949951
"ZFAND2B",0.0139290179143894,0.26478039265218,0.351,0.228,1,0.0226443810787
"USP34",0.0140893709548873,-0.286229326707312,0.473,0.627,1,0.0228412643335499
"GABARAPL1",0.0142708777701628,0.259352160296816,0.324,0.209,1,0.0230712523950965
"EIF3L",0.0148884396881916,-0.251512137093382,0.554,0.699,1,0.0240029692479986
"RPL30",0.0153517977715336,-0.265617892997165,0.946,0.937,1,0.0246816196216369
"KLF6",0.0155884939779982,-0.401010420958012,0.986,0.99,1,0.0249931225762947
"ACP1",0.0158003436338403,0.286969677651317,0.581,0.449,1,0.0252106120382932
"CD3D",0.0158107790274519,-1.10648936741335,0.162,0.258,1,0.0252106120382932
"CXCR6",0.0161990185924511,0.262119631627259,0.27,0.167,1,0.0257590951388156
"BCAP31",0.0163296425258928,-0.293430276162353,0.419,0.564,1,0.0258960543598627
"DOK2",0.0167923310483349,0.253694369366378,0.419,0.296,1,0.0265574366036166
"TMEM14C",0.0174337921745029,-0.279998473172521,0.203,0.331,1,0.0274972006654762
"DENND2D",0.0179726321908794,0.407937942625937,0.703,0.65,1,0.0282704646894374
"HAX1",0.0180804349173973,-0.305363574848235,0.243,0.378,1,0.02836337768713
"HAVCR2",0.0187334421214094,0.426074223628531,0.527,0.448,1,0.0293087723512372
"ERLEC1",0.0189372367097534,-0.296054376715545,0.162,0.284,1,0.0295481816758083
"LY9",0.0190391774630364,-0.298897787181311,0.554,0.617,1,0.0296278109184149
"RPS28",0.0192841293062431,-0.284216161056271,0.838,0.871,1,0.0299289686832894
"KIT",0.0195476742645747,-0.412660362405246,0.473,0.519,1,0.0302573043137832
"ANP32A",0.0202407095409286,0.28866768606035,0.541,0.43,1,0.031246930909338
"SCAMP2",0.0203219542932119,0.304692688423514,0.405,0.275,1,0.031289358197485
"CAMK4",0.0209331291708667,-0.257402835462979,0.189,0.291,1,0.0321453329220169
"PRKCQ-AS1",0.0210396958605043,-0.435503438184839,0.176,0.298,1,0.0322128383395612
"SNRPC",0.021087785923321,0.255508903908782,0.446,0.314,1,0.0322128383395612
"SLA",0.0211967067360226,-0.305867511828101,0.676,0.782,1,0.0322616124082922
"TNFAIP3",0.0212305799869002,-0.383844763927559,0.892,0.946,1,0.0322616124082922
"CCND3",0.0213790986226903,0.292758003657224,0.662,0.603,1,0.032402696350015
"FIBP",0.0215757973719201,-0.276582621560376,0.392,0.554,1,0.032615880702487
"GADD45B",0.0219049595157401,0.307115848851001,0.554,0.469,1,0.0330276850729553
"SCML4",0.022679958861881,-0.348349222934737,0.716,0.728,1,0.0340390526506675
"MAX",0.0226927017671116,-0.327063906350043,0.203,0.31,1,0.0340390526506675
"EIF3H",0.0227999159836287,-0.271826423048303,0.514,0.629,1,0.0341119565616244
"LLGL2",0.0235537911704289,0.361310536796909,0.324,0.221,1,0.0351495037466401
"PTPRE",0.0255771497437808,0.312580428388174,0.419,0.329,1,0.0380713584421494
"ERGIC3",0.0261872288542665,-0.316263530771701,0.514,0.65,1,0.0388800183499569
"SRSF10",0.0276432688967595,-0.317698546086746,0.622,0.746,1,0.0409373600455828
"SIGIRR",0.0277418831360012,0.301778330163736,0.446,0.328,1,0.0409791268658698
"CEP170",0.0283229308853604,-0.306016210096754,0.243,0.376,1,0.0417315082918475
"GPX4",0.0284239678928629,-0.386731403278653,0.419,0.497,1,0.0417746194789045
"FKBP5",0.0289269411255133,-0.253085956553068,0.676,0.754,1,0.0424067499623395
"PPIP5K2",0.0290099968859086,-0.258082156895431,0.568,0.678,1,0.0424216537376854
"DGUOK",0.0319508304736747,0.282650961891085,0.5,0.385,1,0.0466049707661119
"VAV3",0.0323759528404734,0.253150318774347,0.446,0.329,1,0.0471070113828888
"C19orf66",0.0334176398826065,0.336293487267656,0.459,0.383,1,0.0485014124979477
"GLUL",0.0346439704754949,-0.326039118806228,0.432,0.552,1,0.0501561960615374
"CCL20",0.035159119294462,-0.476900714506437,0.081,0.166,1,0.0507757008173124
"FOSB",0.0353334389664425,-0.277075068788225,0.703,0.775,1,0.0507825499134649
"CARD8",0.0353383723624627,0.27093627495533,0.919,0.958,1,0.0507825499134649
"TCP1",0.0364699602916696,-0.305301737607991,0.351,0.463,1,0.05227959825062
"GABPB1-AS1",0.0365626465147267,0.267857767903291,0.946,0.953,1,0.052283686170936
"RNASEH2C",0.0369365470190252,0.294555560772641,0.486,0.389,1,0.0526888979536095
"IL2",0.0372873374406757,-0.298561331089,0.068,0.153,1,0.0530592430084921
"SRSF1",0.0389400171940255,0.290528275762406,0.676,0.608,1,0.0551920282795961
"TIMM17A",0.0389975609249344,0.254055141871317,0.811,0.779,1,0.0551920282795961
"FASLG",0.0390706454487863,0.33474576368651,0.23,0.15,1,0.0551920282795961
"CIRBP",0.0394927339717074,-0.294135541359699,0.824,0.878,1,0.0556531989625514
"COMMD3",0.0400277639488752,-0.413973297029145,0.203,0.312,1,0.0562709145368245
"LTA4H",0.0405129314524139,-0.48387455993395,0.5,0.605,1,0.0568157255549515
"HSPB1",0.0411083223668034,-0.428145699950996,0.297,0.399,1,0.0575121240804797
"ARID4A",0.0453930929958517,0.302764107464283,0.486,0.392,1,0.0633543887855772
"CCDC167",0.045741590045889,-0.347697200399954,0.081,0.162,1,0.0634651139595152
"MIS18BP1",0.0457858709338799,-0.340957622688056,0.446,0.533,1,0.0634651139595152
"RPL11",0.0458299666863617,-0.264681151211103,0.946,0.948,1,0.0634651139595152
"SEPT1",0.0459086133624671,-0.250726014353821,0.77,0.821,1,0.0634651139595152
"SELENOS",0.0463201651087522,-0.400114378298269,0.378,0.462,1,0.0638823130172838
"DNAJC1",0.0476584764837058,0.261614620008281,0.284,0.193,1,0.0655726555875101
"IFI44L",0.0498846900664349,0.431274139119982,0.351,0.272,1,0.0684737962704366
"EXOSC10",0.0505907805601231,0.280912910741047,0.554,0.46,1,0.0692796100846862
"SPCS2",0.0507242940811844,-0.285379807086318,0.473,0.584,1,0.0692993876883787
"IVNS1ABP",0.0516846954101534,-0.308286076026238,0.649,0.711,1,0.0704461188025979
"PPP2R3C",0.0526227366047249,0.386515339601739,0.351,0.267,1,0.0715570857568923
"EIF3G",0.052760016698956,0.362781402090959,0.757,0.716,1,0.0715765261510312
"FOPNL",0.0549676892372538,-0.262032426137616,0.419,0.517,1,0.0743981282234459
"NUCB2",0.0569192532848528,0.568314486155801,0.784,0.78,1,0.0768608014194531
"FIS1",0.0573438396075477,0.279519074101373,0.459,0.359,1,0.0772548950268351
"ITGAL",0.0576795403369511,0.345013693834155,0.581,0.561,1,0.0775276962496663
"PTPN4",0.057907737750052,0.317596131139537,0.554,0.47,1,0.0776550768906227
"GIMAP7",0.0584830255780592,0.265864730085118,0.73,0.707,1,0.0782462549113344
"LDHB",0.0592632462048449,-0.386938591330631,0.77,0.78,1,0.079108278190871
"BLVRA",0.0633699262736009,-0.332144193971113,0.122,0.204,1,0.0843965608495096
"MAU2",0.0641350240833093,0.294718280371425,0.5,0.399,1,0.0852205114531644
"HIF1A",0.06532854767091,0.260359249191683,0.77,0.796,1,0.0866086896229376
"MBOAT2",0.066079106263257,-0.317571618617285,0.216,0.301,1,0.0874046360118536
"FKBP11",0.0670096204680997,-0.306221628961903,0.595,0.65,1,0.0884344651075601
"ELOB",0.0677541381776746,0.259093408723841,0.716,0.695,1,0.0892147249307842
"VMP1",0.068278323038155,-0.274984533214284,0.486,0.578,1,0.0897019955038515
"RPL21P119",0.0695893851752811,-0.421740883718474,0.257,0.345,1,0.0911519055031057
"SYPL1",0.0698341525803037,-0.304720477259394,0.351,0.427,1,0.0911519055031057
"IPO11",0.069851803873514,0.300426129509462,0.203,0.131,1,0.0911519055031057
"BATF",0.0715281823607497,-0.301972494495392,0.162,0.244,1,0.0931306535435264
"ZNF683",0.076349514864002,0.368034094740315,0.162,0.103,1,0.0989877870220098
"BBX",0.0763668666200729,-0.287732462680484,0.392,0.509,1,0.0989877870220098
"PABPN1",0.0771420811643891,0.300369449906561,0.392,0.319,1,0.0997704249726098
"AL139099.5",0.0775286582648492,0.585970902492229,0.73,0.674,1,0.10004806898036
"PSMB8",0.0782119234732947,0.33568836491293,0.608,0.552,1,0.100706503233313
"LENG8",0.0797447747330227,0.262719831263788,0.405,0.312,1,0.102453551643751
"SEC11C",0.0803749004391342,-0.299831922740445,0.378,0.467,1,0.103035665320652
"IDI1",0.0808011257292392,-0.291744633825412,0.27,0.369,1,0.103354406976741
"AC092821.3",0.0845374524055707,0.341556331585481,0.743,0.774,1,0.10789648530711
"ZCRB1",0.0854676263825568,0.385859559865217,0.392,0.329,1,0.108673453868023
"EIF1B",0.0855196595731176,-0.299189383507482,0.203,0.282,1,0.108673453868023
"CCDC7",0.0865920647820685,0.323144385731375,0.203,0.141,1,0.109796474298832
"ATM",0.0903576758616195,0.254089197749509,0.973,0.934,1,0.114157998745771
"DUSP6",0.0904241192814444,-0.495576085129085,0.459,0.557,1,0.114157998745771
"SLC27A3",0.0920358090037051,0.306478840441828,0.135,0.082,1,0.115771183465046
"PPT1",0.0920997559180696,-0.292033037592691,0.797,0.822,1,0.115771183465046
"YARS",0.0943348687442511,0.420246987243046,0.73,0.707,1,0.118325201743867
"SARS",0.0948280419470983,0.257489376870006,0.5,0.429,1,0.118688000888626
"TMEM134",0.0956495377395687,-0.267762335755993,0.554,0.622,1,0.119459293915084
"MEI1",0.0961537081422187,-0.332875267576957,0.311,0.409,1,0.119831816142979
"MTRNR2L1",0.096541642287429,0.764880687283178,0.892,0.943,1,0.120058196177957
"MRPL27",0.0990335060950619,0.272005295284018,0.311,0.242,1,0.122692303189616
"HDDC2",0.0990814132287275,0.304623312675316,0.216,0.146,1,0.122692303189616
"CLEC2B",0.101275042444878,0.334341277352624,0.514,0.49,1,0.125142409135709
"CD82",0.101536952008632,-0.412435321208598,0.581,0.631,1,0.125200224722508
"PDE6G",0.103524008273852,0.263270429166163,0.176,0.117,1,0.127380492210109
"NSMCE1",0.103904571071194,-0.289988632102306,0.608,0.678,1,0.127579030302605
"ANXA7",0.106411252437756,-0.289887948077727,0.514,0.578,1,0.130381787197419
"TMEM175",0.111649753226776,0.275938348179173,0.378,0.315,1,0.136512933567192
"NDUFV2",0.119143212473738,-0.255844526604826,0.297,0.375,1,0.145369705785567
"TAF1D",0.123442694449686,0.325628794832567,0.527,0.498,1,0.150300519183508
"RAB4B",0.12385711033473,0.335145157326991,0.324,0.267,1,0.150490267671843
"COX6C",0.127404135611025,-0.266114918573957,0.73,0.803,1,0.154477514428367
"C11orf1",0.131930575168794,0.372168096177428,0.514,0.505,1,0.159633253114841
"DNAJC19",0.133696074060064,-0.316614844780795,0.27,0.35,1,0.161433848761322
"BX284668.5",0.138088801700683,0.315717214560143,0.108,0.064,1,0.166392717577221
"IARS",0.13930358670555,0.297325041852866,0.554,0.505,1,0.167501647055397
"SCFD1",0.139584705879497,0.286870887757343,0.649,0.578,1,0.167501647055397
"HPRT1",0.140493738017922,0.3443551524915,0.203,0.146,1,0.168245587502943
"CREB1",0.143087017148436,-0.32293272872779,0.554,0.606,1,0.170999268953572
"BEX5",0.144675353826389,-0.309961460592462,0.095,0.152,1,0.172543147391308
"LAMTOR3",0.145040716124178,0.357052961734221,0.392,0.34,1,0.172625146798101
"SUGT1",0.147598169959831,-0.256255914460713,0.851,0.918,1,0.175310479421676
"NDUFA9",0.148297885492085,-0.271927298031928,0.568,0.669,1,0.175782829646423
"GTF3A",0.150660211776344,0.303567983597863,0.703,0.695,1,0.17822000661348
"PLPP5",0.153691590383824,-0.280826732116526,0.419,0.477,1,0.181437131041351
"CTSA",0.154476409811937,-0.291709794285812,0.635,0.709,1,0.181994474717708
"TARDBP",0.158211369955729,-0.256279017026168,0.486,0.538,1,0.186018216796433
"TMIGD2",0.160027778553747,-0.334909042133319,0.459,0.493,1,0.187774530480405
"TM2D1",0.166683693044999,-0.328607525718478,0.622,0.662,1,0.195190964491327
"CXorf40B",0.167214041318963,0.257092465421546,0.189,0.136,1,0.195418819372765
"CYTOR",0.173035178705361,0.283146918536502,0.176,0.125,1,0.201816581175391
"POP4",0.175536870339366,-0.431748881805879,0.378,0.434,1,0.204324917075022
"GCC2",0.178502174776069,-0.361485214950687,0.838,0.81,1,0.207361807823697
"HDAC9",0.185520689984903,-0.33394455776472,0.378,0.401,1,0.2150857401817
"NEIL1",0.187221112844723,0.498059384772986,0.486,0.439,1,0.216476720178547
"TIMMDC1",0.187464376237092,0.260847132583864,0.392,0.321,1,0.216476720178547
"IMMP1L",0.188274463247061,0.331263913819963,0.473,0.423,1,0.216981658633246
"C10orf128",0.195619578524867,-0.315721375581662,0.095,0.141,1,0.225001175299353
"CD69",0.196755132700805,-0.347039220812084,1,0.997,1,0.225571853586923
"KTN1",0.196890896258001,-0.259284580896967,0.649,0.695,1,0.225571853586923
"CFAP36",0.198678251650133,-0.271636094281885,0.324,0.375,1,0.227172382043964
"LAMTOR4",0.201719315080482,-0.338863215074003,0.514,0.542,1,0.230197336033021
"HIST1H1D",0.204035418849608,-0.254108509460568,0.122,0.176,1,0.232384762760218
"RPL38",0.205047069300229,-0.274949046506596,0.932,0.869,1,0.233080848306119
"IMMP2L",0.209665092704426,0.286257327660851,0.162,0.118,1,0.237865660728997
"REST",0.220755276749341,-0.284049766713424,0.243,0.31,1,0.249960254996335
"LGALS1",0.225710871186855,-0.276672856861733,0.149,0.202,1,0.254768647868987
"CLTC",0.225877357904462,0.300508792029553,0.405,0.376,1,0.254768647868987
"KCNAB2",0.229143630580905,0.271440929334926,0.311,0.28,1,0.257952791098813
"FXYD7",0.237400558357311,-0.406823931323445,0.405,0.429,1,0.266731901474817
"SEC61B",0.238256117674625,-0.27189812989996,0.473,0.512,1,0.267177380513742
"AC022274.1",0.241545342561616,-0.258323718382905,0.635,0.657,1,0.270344979559347
"NFE2L2",0.245875440959239,-0.33949505922436,0.378,0.418,1,0.274663160534121
"PIGL",0.254186512538587,0.391896354522305,0.446,0.404,1,0.283403353060263
"UCP2",0.256444035501225,0.289715610708495,0.703,0.725,1,0.285373668569241
"TMEM219",0.260504293254652,-0.362279168212466,0.27,0.308,1,0.289338737927876
"PSMB8-AS1",0.261536640433938,0.351153568485284,0.635,0.631,1,0.289639983754039
"HSBP1L1",0.261770844423754,-0.28027187542537,0.257,0.3,1,0.289639983754039
"ATP5H",0.268264238672043,-0.319968886321322,0.608,0.648,1,0.296261455231744
"MICU1",0.270364055398019,0.293946246412957,0.392,0.361,1,0.29801492470009
"RN7SL2",0.27120918841352,0.34222931780203,0.757,0.706,1,0.298381375532455
"IFI44",0.274675513465036,-0.259199273578065,0.189,0.237,1,0.301624809125757
"RN7SL5P",0.278430264615878,0.358863132528068,0.716,0.732,1,0.305172154437742
"RABAC1",0.283459825527891,0.269278470522801,0.378,0.361,1,0.310100786573746
"RNF10",0.298567468203484,-0.293120203070624,0.514,0.587,1,0.326015509370408
"IL17RB",0.300944281731802,-0.400419295281124,0.135,0.172,1,0.327995453123425
"SP110",0.308835334980555,-0.257140235853078,0.878,0.922,1,0.335966663474174
"HERPUD1",0.312102226096925,-0.258622433484857,0.716,0.72,1,0.338887118635094
"NELL2",0.317582517951853,-0.411008629219621,0.324,0.354,1,0.344195578115417
"CMC2",0.359179184238443,-0.265101122284101,0.554,0.599,1,0.388554433507014
"YAF2",0.359878097923571,0.27463426126413,0.541,0.502,1,0.388588224474059
"RN7SL1",0.363562996432686,0.341382344631223,0.77,0.725,1,0.391840118377451
"SEC62",0.368534357328911,-0.286837056574521,0.676,0.671,1,0.396463948180085
"GNPAT",0.37528653964342,0.255753269313369,0.216,0.186,1,0.40298296323334
"IFI35",0.383949839336666,0.325781675606855,0.486,0.517,1,0.411526347134328
"STX8",0.391552726343942,0.261828625385713,0.514,0.491,1,0.418903835904732
"PMAIP1",0.392455269256389,0.31269344052879,0.23,0.2,1,0.419099021481134
"TEX10",0.39334063772943,0.285350653705672,0.27,0.233,1,0.41927518527203
"MCFD2",0.394335131339417,-0.258241547256141,0.527,0.577,1,0.419566812503731
"MRPS35",0.404406213854609,0.353265830446129,0.216,0.188,1,0.429497110334639
"SH3BP2",0.409919948100747,0.253039519332065,0.635,0.625,1,0.43455994498112
"CNIH4",0.411222538911028,-0.306008629445878,0.405,0.429,1,0.435148213902215
"JUNB",0.414065057767016,-0.309712136371859,0.797,0.817,1,0.437360914011622
"SOD2",0.423914468981966,-0.28635115900322,0.986,0.995,1,0.446953298817942
"RAB27A",0.425259712969383,0.345955100272971,0.541,0.564,1,0.44737284505717
"DHRS7",0.425849752855107,-0.274916087703079,0.716,0.74,1,0.44737284505717
"PAPOLA",0.442357855137729,-0.317758563639434,0.878,0.866,1,0.463861938291965
"FNBP4",0.443139583660366,-0.263509145751191,0.568,0.589,1,0.463861938291965
"MT-RNR1",0.458136993074075,-0.395308990515855,1,0.997,1,0.478699694738082
"SNX3",0.460117684496882,0.288079291699015,0.311,0.303,1,0.479907692432232
"GSN",0.463544453802722,-0.281738671252886,0.716,0.624,1,0.482616944746304
"EMC8",0.482754454182774,0.258123007395869,0.176,0.16,1,0.501719807739955
"SLC39A4",0.497426236086957,0.256974016523259,0.324,0.397,1,0.516046469523368
"NQO2",0.513512486172206,-0.250437360919693,0.676,0.685,1,0.531786951872284
"SCP2",0.517809351327062,0.26672396252984,0.446,0.456,1,0.535284267268828
"ABCD4",0.519217122165768,0.333229080504475,0.757,0.796,1,0.535787881383824
"GUSBP1",0.540616585977127,0.257761174068115,0.27,0.258,1,0.556882925732191
"ALG5",0.551402451294794,-0.276353156265182,0.23,0.242,1,0.56698979974129
"PPIG",0.577629524058064,-0.280228899217126,0.459,0.451,1,0.592910728398224
"NUMB",0.602262493382796,0.298139668841449,0.473,0.538,1,0.617106991459133
"NOP58",0.626850343930145,0.338862943428982,0.514,0.58,1,0.641172056533118
"TBC1D23",0.638332658219476,0.260459837343445,0.243,0.268,1,0.65177124049778
"FAM200B",0.665260739556753,-0.267962764127443,0.338,0.286,1,0.678076620704081
"SSBP1",0.695585805863105,0.271153476311129,0.581,0.672,1,0.707746396874698
"MGLL",0.749695544924214,-0.263086179855832,0.27,0.28,1,0.761470867619358
"RNPC3",0.767446520297268,-0.264583383762831,0.324,0.289,1,0.778142639047056
"ACTR10",0.777610332745121,-0.405488038536534,0.703,0.653,1,0.78707689331767
"SDCCAG8",0.7838115412783,-0.252576103003616,0.635,0.662,1,0.79154759589511
"ATP5F1",0.784747358816974,0.259283957892862,0.608,0.648,1,0.79154759589511
"RBSN",0.873686424418496,0.279323324782146,0.595,0.608,1,0.879243842404791
"EMC3",0.874711657650127,0.279481202818986,0.608,0.688,1,0.879243842404791
"THUMPD3-AS1",0.924103732482377,0.286748576366298,0.405,0.436,1,0.927290297077144
"TMEM14B",0.929620764382303,0.299385328603339,0.716,0.772,1,0.931220800121343
"WDR12",0.975240101313864,0.374242141286647,0.703,0.718,1,0.975240101313864
